{"train_loss":0.01085459790935621,"final_confusion_matrix":{"height":480,"_type":"image-file","sha256":"6d7060d0579767a25b5b2308109bfc832132d4b6200c6753af0bf93dc112788b","size":36930,"path":"media/images/final_confusion_matrix_20_6d7060d0579767a25b5b.png","format":"png","width":640},"f1_global":0.888,"_step":20,"recall_global":0.888,"_runtime":109,"precision_global":0.888,"test_loss":0.016998550039716065,"epoch":9,"_timestamp":1.7647758090896509e+09,"confusion_matrix":{"format":"png","width":600,"height":600,"_type":"image-file","sha256":"71e0c32ca11e093e9b83c91d137c03475f3551883b6c0cd4f27dfde260960b6a","size":36773,"path":"media/images/confusion_matrix_19_71e0c32ca11e093e9b83.png"},"_wandb":{"runtime":109}}