{
    "0": {
        "digit": 0,
        "TP": 957,
        "FP": 38,
        "FN": 23,
        "precision": 0.9618090452261306,
        "recall": 0.976530612244898,
        "f1_score": 0.9691139240506329
    },
    "1": {
        "digit": 1,
        "TP": 1112,
        "FP": 26,
        "FN": 23,
        "precision": 0.9771528998242531,
        "recall": 0.9797356828193833,
        "f1_score": 0.9784425868895733
    },
    "2": {
        "digit": 2,
        "TP": 936,
        "FP": 69,
        "FN": 96,
        "precision": 0.9313432835820895,
        "recall": 0.9069767441860465,
        "f1_score": 0.9189985272459499
    },
    "3": {
        "digit": 3,
        "TP": 933,
        "FP": 92,
        "FN": 77,
        "precision": 0.9102439024390244,
        "recall": 0.9237623762376238,
        "f1_score": 0.916953316953317
    },
    "4": {
        "digit": 4,
        "TP": 920,
        "FP": 71,
        "FN": 62,
        "precision": 0.9283551967709385,
        "recall": 0.9368635437881874,
        "f1_score": 0.932589964521034
    },
    "5": {
        "digit": 5,
        "TP": 766,
        "FP": 59,
        "FN": 126,
        "precision": 0.9284848484848485,
        "recall": 0.8587443946188341,
        "f1_score": 0.8922539312754806
    },
    "6": {
        "digit": 6,
        "TP": 912,
        "FP": 58,
        "FN": 46,
        "precision": 0.9402061855670103,
        "recall": 0.9519832985386222,
        "f1_score": 0.946058091286307
    },
    "7": {
        "digit": 7,
        "TP": 958,
        "FP": 70,
        "FN": 70,
        "precision": 0.9319066147859922,
        "recall": 0.9319066147859922,
        "f1_score": 0.9319066147859922
    },
    "8": {
        "digit": 8,
        "TP": 893,
        "FP": 129,
        "FN": 81,
        "precision": 0.8737769080234834,
        "recall": 0.9168377823408624,
        "f1_score": 0.8947895791583166
    },
    "9": {
        "digit": 9,
        "TP": 917,
        "FP": 84,
        "FN": 92,
        "precision": 0.916083916083916,
        "recall": 0.908820614469772,
        "f1_score": 0.9124378109452735
    },
    "global": {
        "precision": 0.9304,
        "recall": 0.9304,
        "f1_score": 0.9304
    }
}