{"_wandb":{"runtime":286},"_step":10,"epoch":4,"_timestamp":1.764776380714784e+09,"confusion_matrix":{"height":600,"_type":"image-file","sha256":"941e193f0cbcf5c7a3d7828ec10f8f0c3f1f2e85544e51e5d601f6d68389501f","size":44904,"path":"media/images/confusion_matrix_9_941e193f0cbcf5c7a3d7.png","format":"png","width":600},"precision_global":0.9304,"final_confusion_matrix":{"path":"media/images/final_confusion_matrix_10_d3434dc79777c8cdc6ee.png","format":"png","width":640,"height":480,"_type":"image-file","sha256":"d3434dc79777c8cdc6ee3db5d66a56362a48a204b5d9663e9b6ac9af99405f3c","size":45128},"train_loss":0.01119813774434377,"recall_global":0.9304,"_runtime":286,"f1_global":0.9304,"test_loss":0.010864823761694193}