{
    "0": {
        "digit": 0,
        "TP": 173,
        "FP": 13,
        "FN": 2,
        "precision": 0.9301075268817204,
        "recall": 0.9885714285714285,
        "f1_score": 0.9584487534626038
    },
    "1": {
        "digit": 1,
        "TP": 226,
        "FP": 8,
        "FN": 8,
        "precision": 0.9658119658119658,
        "recall": 0.9658119658119658,
        "f1_score": 0.9658119658119658
    },
    "2": {
        "digit": 2,
        "TP": 186,
        "FP": 19,
        "FN": 33,
        "precision": 0.9073170731707317,
        "recall": 0.8493150684931506,
        "f1_score": 0.8773584905660378
    },
    "3": {
        "digit": 3,
        "TP": 182,
        "FP": 23,
        "FN": 25,
        "precision": 0.8878048780487805,
        "recall": 0.8792270531400966,
        "f1_score": 0.8834951456310679
    },
    "4": {
        "digit": 4,
        "TP": 189,
        "FP": 18,
        "FN": 28,
        "precision": 0.9130434782608695,
        "recall": 0.8709677419354839,
        "f1_score": 0.8915094339622641
    },
    "5": {
        "digit": 5,
        "TP": 149,
        "FP": 22,
        "FN": 30,
        "precision": 0.8713450292397661,
        "recall": 0.8324022346368715,
        "f1_score": 0.8514285714285713
    },
    "6": {
        "digit": 6,
        "TP": 163,
        "FP": 22,
        "FN": 15,
        "precision": 0.8810810810810811,
        "recall": 0.9157303370786517,
        "f1_score": 0.8980716253443526
    },
    "7": {
        "digit": 7,
        "TP": 176,
        "FP": 26,
        "FN": 29,
        "precision": 0.8712871287128713,
        "recall": 0.8585365853658536,
        "f1_score": 0.8648648648648649
    },
    "8": {
        "digit": 8,
        "TP": 165,
        "FP": 41,
        "FN": 27,
        "precision": 0.8009708737864077,
        "recall": 0.859375,
        "f1_score": 0.8291457286432161
    },
    "9": {
        "digit": 9,
        "TP": 167,
        "FP": 32,
        "FN": 27,
        "precision": 0.8391959798994975,
        "recall": 0.8608247422680413,
        "f1_score": 0.8498727735368957
    },
    "global": {
        "precision": 0.888,
        "recall": 0.888,
        "f1_score": 0.888
    }
}