{
    "0": {
        "digit": 0,
        "TP": 173,
        "FP": 10,
        "FN": 2,
        "precision": 0.9453551912568307,
        "recall": 0.9885714285714285,
        "f1_score": 0.9664804469273743
    },
    "1": {
        "digit": 1,
        "TP": 226,
        "FP": 10,
        "FN": 8,
        "precision": 0.9576271186440678,
        "recall": 0.9658119658119658,
        "f1_score": 0.9617021276595744
    },
    "2": {
        "digit": 2,
        "TP": 191,
        "FP": 23,
        "FN": 28,
        "precision": 0.8925233644859814,
        "recall": 0.8721461187214612,
        "f1_score": 0.8822170900692841
    },
    "3": {
        "digit": 3,
        "TP": 181,
        "FP": 22,
        "FN": 26,
        "precision": 0.8916256157635468,
        "recall": 0.8743961352657005,
        "f1_score": 0.8829268292682927
    },
    "4": {
        "digit": 4,
        "TP": 191,
        "FP": 21,
        "FN": 26,
        "precision": 0.9009433962264151,
        "recall": 0.880184331797235,
        "f1_score": 0.8904428904428905
    },
    "5": {
        "digit": 5,
        "TP": 149,
        "FP": 21,
        "FN": 30,
        "precision": 0.8764705882352941,
        "recall": 0.8324022346368715,
        "f1_score": 0.853868194842407
    },
    "6": {
        "digit": 6,
        "TP": 162,
        "FP": 15,
        "FN": 16,
        "precision": 0.9152542372881356,
        "recall": 0.9101123595505618,
        "f1_score": 0.9126760563380282
    },
    "7": {
        "digit": 7,
        "TP": 175,
        "FP": 33,
        "FN": 30,
        "precision": 0.8413461538461539,
        "recall": 0.8536585365853658,
        "f1_score": 0.847457627118644
    },
    "8": {
        "digit": 8,
        "TP": 161,
        "FP": 37,
        "FN": 31,
        "precision": 0.8131313131313131,
        "recall": 0.8385416666666666,
        "f1_score": 0.8256410256410256
    },
    "9": {
        "digit": 9,
        "TP": 167,
        "FP": 32,
        "FN": 27,
        "precision": 0.8391959798994975,
        "recall": 0.8608247422680413,
        "f1_score": 0.8498727735368957
    },
    "global": {
        "precision": 0.888,
        "recall": 0.888,
        "f1_score": 0.888
    }
}