{
"xs": [
-9.67741935483871,
-8.266129032258064,
-7.096774193548388,
-5.645161290322582,
-3.830645161290324,
-2.419354838709678,
-0.2822580645161299,
-0.20161290322580783,
0.6048387096774182,
1.1693548387096762,
2.137096774193548,
3.306451612903224,
4.637096774193548,
6.33064516129032,
8.104838709677416,
9.233870967741936,
9.919354838709676,
8.83064516129032,
7.016129032258064,
5.64516129032258,
3.8306451612903203,
2.862903225806452,
1.57258064516129,
0.887096774193548,
0.2822580645161281,
-1.53225806451613,
-3.10483870967742,
-4.516129032258066
],
"ys": [
3.5281385281385287,
2.3647186147186154,
1.6612554112554125,
0.7683982683982693,
-0.23268398268398194,
-1.0173160173160172,
-1.883116883116883,
-1.5854978354978355,
-0.4220779220779214,
0.8766233766233773,
2.175324675324676,
3.0140692640692652,
3.3116883116883127,
3.1222943722943732,
2.229437229437231,
0.9036796536796539,
0.25432900432900496,
1.4989177489177496,
2.716450216450218,
3.284632034632036,
3.14935064935065,
2.6893939393939394,
1.4718614718614722,
0.2813852813852815,
-1.0173160173160172,
-1.504329004329004,
-0.6926406926406923,
0.20021645021645096
]
}