{
"xs": [
-8.75,
-8.467741935483872,
-7.903225806451614,
-7.298387096774195,
-6.774193548387098,
-6.129032258064517,
-5.403225806451614,
-4.919354838709678,
-4.153225806451614,
-3.548387096774194,
-3.10483870967742,
-2.298387096774194,
-1.2500000000000018,
1.088709677419354,
1.2903225806451601,
1.653225806451612,
2.3790322580645142,
3.024193548387096,
3.548387096774192,
4.637096774193548,
5.443548387096772,
6.048387096774192,
6.89516129032258,
7.459677419354836,
8.2258064516129,
8.629032258064516,
8.870967741935484,
9.314516129032256,
9.314516129032256,
1.1290322580645142,
2.338709677419354,
2.580645161290322,
3.911290322580644,
5.0,
1.3709677419354822,
1.6129032258064502,
6.572580645161288,
7.58064516129032,
8.266129032258064,
8.548387096774192,
8.79032258064516,
9.193548387096772,
1.088709677419354,
2.016129032258064,
2.862903225806452,
-8.548387096774194,
-7.298387096774195,
-5.846774193548388,
-4.879032258064518,
-3.951612903225808
],
"ys": [
2.662337662337663,
2.3106060606060606,
1.7694805194805205,
1.3636363636363642,
0.9848484848484853,
0.47077922077922096,
-0.016233766233765934,
-0.4220779220779214,
-0.9902597402597397,
-1.396103896103896,
-1.72077922077922,
-2.37012987012987,
-3.29004329004329,
1.796536796536797,
0.9307359307359313,
0.5248917748917759,
-0.34090909090909083,
-1.2337662337662332,
-1.5854978354978355,
-2.207792207792208,
-2.1807359307359304,
-1.829004329004329,
-1.3149350649350646,
-0.9090909090909083,
-0.20562770562770538,
0.4978354978354984,
0.9307359307359313,
1.6341991341991342,
1.6612554112554125,
1.3906926406926416,
0.22727272727272751,
-0.5844155844155843,
-1.937229437229437,
-2.451298701298701,
2.283549783549784,
0.7142857142857153,
-2.2889610389610384,
-1.504329004329004,
-0.7467532467532463,
-0.20562770562770538,
1.0389610389610393,
1.850649350649352,
1.8235930735930737,
0.41666666666666696,
-0.9090909090909083,
1.742424242424244,
1.0660173160173168,
0.17316017316017351,
-0.5844155844155843,
-1.0173160173160172
]
}