{
"xs": [
-8.75,
-8.951612903225808,
-8.870967741935484,
-8.508064516129032,
-7.822580645161291,
-6.53225806451613,
-5.766129032258066,
-4.717741935483872,
-3.508064516129034,
-2.862903225806452,
-2.379032258064518,
-1.0887096774193559,
-0.24193548387096797,
-1.7763568394002505e-15,
1.209677419354838,
1.5322580645161281,
2.580645161290322,
4.153225806451612,
5.322580645161288,
6.93548387096774,
7.782258064516128,
8.387096774193548,
9.112903225806452,
9.758064516129032,
9.758064516129032,
9.637096774193548,
8.991935483870968,
8.548387096774192,
8.104838709677416,
7.217741935483868,
6.169354838709676,
4.758064516129032,
3.669354838709676,
2.580645161290322,
1.5322580645161281,
0.5241935483870961,
0.08064516129032206,
-0.3225806451612918,
-1.8951612903225818,
-2.862903225806452,
-3.790322580645162,
-4.475806451612904,
-5.524193548387098,
-6.895161290322582,
-8.024193548387098,
-8.346774193548388,
-8.588709677419356,
-8.629032258064516,
-8.75,
-8.75
],
"ys": [
3.2034632034632047,
2.337662337662339,
1.6071428571428577,
0.2813852813852815,
-0.3138528138528134,
-0.5032467532467528,
-0.28679653679653594,
-0.15151515151515138,
-0.4761904761904754,
-0.7196969696969688,
-1.0173160173160172,
-1.72077922077922,
-2.1266233766233764,
-2.045454545454545,
-1.1255411255411252,
-0.8279220779220777,
-0.5303030303030303,
-0.34090909090909083,
-0.5573593073593068,
-1.1255411255411252,
-1.504329004329004,
-2.2348484848484844,
-3.1006493506493507,
-4.0476190476190474,
-4.48051948051948,
-4.291125541125542,
-3.317099567099567,
-2.5595238095238093,
-1.991341991341991,
-1.3149350649350646,
-0.5573593073593068,
-0.39502164502164483,
-0.4761904761904754,
-0.8008658008658003,
-1.396103896103896,
-1.774891774891775,
-1.9642857142857144,
-1.9101731601731595,
-1.2608225108225106,
-0.9361471861471857,
-0.44913419913419883,
-0.4220779220779214,
-0.6926406926406923,
-0.6655844155844148,
-0.20562770562770538,
0.25432900432900496,
0.9848484848484853,
2.012987012987013,
2.7435064935064943,
2.7435064935064943
]
}